{
  "insurance": {
    "pattern": {
      "total_runs": 30,
      "successful_runs": 30,
      "success_rate": 1.0,
      "retention_mean": 0.0,
      "retention_median": 0.0,
      "retention_std": 0.0,
      "retention_min": 0.0,
      "retention_max": 0.0,
      "retention_p10": 0.0,
      "latency_mean": 15.00752333085984,
      "latency_median": 15.32065001083538,
      "latency_std": 2.0580861639547057,
      "latency_min": 8.676500001456589,
      "latency_max": 18.44309997977689,
      "latency_p90": 17.18419996323064,
      "latency_p95": 17.375710027408786,
      "junk_kept_rate_mean": 0.0,
      "junk_kept_rate_median": 0.0,
      "junk_kept_rate_max": 0.0,
      "intent_preservation_mean": 1.0,
      "intent_preservation_rate": 1.0,
      "precision_mean": 1.0,
      "recall_mean": 0.55,
      "f1_mean": 0.706666666666667
    },
    "entropy": {
      "total_runs": 30,
      "successful_runs": 30,
      "success_rate": 1.0,
      "reduction_mean": 0.7854325946019325,
      "reduction_median": 0.7974602411569123,
      "reduction_std": 0.023871980837544948,
      "reduction_min": 0.7456647398843931,
      "reduction_max": 0.8076923076923077,
      "reduction_p90": 0.806575682382134,
      "retention_mean": 0.0,
      "retention_median": 0.0,
      "retention_std": 0.0,
      "retention_min": 0.0,
      "retention_max": 0.0,
      "retention_p10": 0.0,
      "latency_mean": 20.572443331669394,
      "latency_median": 20.776549965376034,
      "latency_std": 1.713200656529391,
      "latency_min": 17.763500043656677,
      "latency_max": 24.162299989257008,
      "latency_p90": 22.792550013400614,
      "latency_p95": 23.57789001252968,
      "confidence_mean": 0.16799999999999995,
      "confidence_median": 0.175,
      "confidence_std": 0.014,
      "junk_kept_rate_mean": 0.0,
      "junk_kept_rate_median": 0.0,
      "junk_kept_rate_max": 0.0,
      "intent_preservation_mean": 1.0,
      "intent_preservation_rate": 1.0,
      "precision_mean": 1.0,
      "recall_mean": 0.275,
      "f1_mean": 0.43000000000000005
    },
    "calibration": {
      "expected_calibration_error": 0.16799999999999995
    }
  },
  "sdlc": {
    "pattern": {
      "total_runs": 30,
      "successful_runs": 30,
      "success_rate": 1.0,
      "retention_mean": 0.2,
      "retention_median": 0.0,
      "retention_std": 0.4000000000000001,
      "retention_min": 0.0,
      "retention_max": 1.0,
      "retention_p10": 0.0,
      "latency_mean": 13.992473335626224,
      "latency_median": 13.684399978956208,
      "latency_std": 2.0293757100442478,
      "latency_min": 11.55809999909252,
      "latency_max": 20.567100029438734,
      "latency_p90": 16.496780014131218,
      "latency_p95": 17.059754993533716,
      "junk_kept_rate_mean": 0.0,
      "junk_kept_rate_median": 0.0,
      "junk_kept_rate_max": 0.0,
      "intent_preservation_mean": 1.0,
      "intent_preservation_rate": 1.0,
      "precision_mean": 1.0,
      "recall_mean": 0.5,
      "f1_mean": 0.6666666666666669
    },
    "entropy": {
      "total_runs": 30,
      "successful_runs": 30,
      "success_rate": 1.0,
      "reduction_mean": 0.8028723393754807,
      "reduction_median": 0.8096607245543416,
      "reduction_std": 0.014038743416364574,
      "reduction_min": 0.7814569536423841,
      "reduction_max": 0.8194444444444444,
      "reduction_p90": 0.8171557120500783,
      "retention_mean": 0.1,
      "retention_median": 0.0,
      "retention_std": 0.3,
      "retention_min": 0.0,
      "retention_max": 1.0,
      "retention_p10": 0.0,
      "latency_mean": 18.53719000161315,
      "latency_median": 18.05630000308156,
      "latency_std": 1.7190232759055464,
      "latency_min": 16.062900016549975,
      "latency_max": 23.00190000096336,
      "latency_p90": 20.34375998773612,
      "latency_p95": 21.254825004143637,
      "confidence_mean": 0.17499999999999993,
      "confidence_median": 0.175,
      "confidence_std": 5.551115123125783e-17,
      "junk_kept_rate_mean": 0.0,
      "junk_kept_rate_median": 0.0,
      "junk_kept_rate_max": 0.0,
      "intent_preservation_mean": 1.0,
      "intent_preservation_rate": 1.0,
      "precision_mean": 1.0,
      "recall_mean": 0.25,
      "f1_mean": 0.40000000000000013
    },
    "calibration": {
      "expected_calibration_error": 0.07499999999999993
    }
  },
  "mixed": {
    "pattern": {
      "total_runs": 30,
      "successful_runs": 30,
      "success_rate": 1.0,
      "retention_mean": 0.0,
      "retention_median": 0.0,
      "retention_std": 0.0,
      "retention_min": 0.0,
      "retention_max": 0.0,
      "retention_p10": 0.0,
      "latency_mean": 14.200493332464248,
      "latency_median": 14.231649984139949,
      "latency_std": 2.016431115260812,
      "latency_min": 10.389099945314229,
      "latency_max": 17.89489999646321,
      "latency_p90": 16.68292997055687,
      "latency_p95": 17.058715008897707,
      "junk_kept_rate_mean": 0.0,
      "junk_kept_rate_median": 0.0,
      "junk_kept_rate_max": 0.0,
      "intent_preservation_mean": 1.0,
      "intent_preservation_rate": 1.0,
      "precision_mean": 1.0,
      "recall_mean": 0.5,
      "f1_mean": 0.6666666666666669
    },
    "entropy": {
      "total_runs": 30,
      "successful_runs": 30,
      "success_rate": 1.0,
      "reduction_mean": 0.8004099644591197,
      "reduction_median": 0.8027689949219124,
      "reduction_std": 0.010794172510853156,
      "reduction_min": 0.7857142857142857,
      "reduction_max": 0.8226950354609929,
      "reduction_p90": 0.8114665838380701,
      "retention_mean": 0.0,
      "retention_median": 0.0,
      "retention_std": 0.0,
      "retention_min": 0.0,
      "retention_max": 0.0,
      "retention_p10": 0.0,
      "latency_mean": 19.37812000590687,
      "latency_median": 19.09040001919493,
      "latency_std": 1.6298529923528506,
      "latency_min": 16.401999979279935,
      "latency_max": 23.4006000100635,
      "latency_p90": 21.586539974668995,
      "latency_p95": 22.18910500232596,
      "confidence_mean": 0.18374999999999997,
      "confidence_median": 0.175,
      "confidence_std": 0.026249999999999985,
      "junk_kept_rate_mean": 0.0,
      "junk_kept_rate_median": 0.0,
      "junk_kept_rate_max": 0.0,
      "intent_preservation_mean": 0.3,
      "intent_preservation_rate": 0.3,
      "precision_mean": 1.0,
      "recall_mean": 0.25,
      "f1_mean": 0.40000000000000013
    },
    "calibration": {
      "expected_calibration_error": 0.18374999999999997
    }
  },
  "dupes": {
    "pattern": {
      "total_runs": 30,
      "successful_runs": 30,
      "success_rate": 1.0,
      "retention_mean": 0.0,
      "retention_median": 0.0,
      "retention_std": 0.0,
      "retention_min": 0.0,
      "retention_max": 0.0,
      "retention_p10": 0.0,
      "latency_mean": 14.570786672023436,
      "latency_median": 14.380150008946657,
      "latency_std": 1.8960899972088514,
      "latency_min": 10.614900034852326,
      "latency_max": 18.97520001512021,
      "latency_p90": 16.854300018167123,
      "latency_p95": 16.977595022763126,
      "junk_kept_rate_mean": 0.5,
      "junk_kept_rate_median": 0.5,
      "junk_kept_rate_max": 0.5,
      "intent_preservation_mean": 1.0,
      "intent_preservation_rate": 1.0,
      "precision_mean": 0.5,
      "recall_mean": 0.3333333333333334,
      "f1_mean": 0.40000000000000013
    },
    "entropy": {
      "total_runs": 30,
      "successful_runs": 30,
      "success_rate": 1.0,
      "reduction_mean": 0.8028967572296185,
      "reduction_median": 0.8037707906128959,
      "reduction_std": 0.009372404973218515,
      "reduction_min": 0.782312925170068,
      "reduction_max": 0.8161764705882353,
      "reduction_p90": 0.8144747899159663,
      "retention_mean": 0.0,
      "retention_median": 0.0,
      "retention_std": 0.0,
      "retention_min": 0.0,
      "retention_max": 0.0,
      "retention_p10": 0.0,
      "latency_mean": 18.58551000089695,
      "latency_median": 18.248200009111315,