{
  "pattern": {
    "total_runs": 150,
    "successful_runs": 150,
    "success_rate": 1.0,
    "reduction_mean": 0.5912466388909634,
    "reduction_median": 0.5977498869289914,
    "reduction_std": 0.02444236281037708,
    "reduction_min": 0.4883720930232558,
    "reduction_max": 0.6258064516129032,
    "reduction_p90": 0.6124303963314772,
    "retention_mean": 0.06,
    "retention_median": 0.0,
    "retention_std": 0.23748684174075835,
    "retention_min": 0.0,
    "retention_max": 1.0,
    "retention_p10": 0.0,
    "latency_mean": 14.21362466722106,
    "latency_median": 14.49150001280941,
    "latency_std": 2.16632180379709,
    "latency_min": 7.612999994307756,
    "latency_max": 21.849699958693236,
    "latency_p90": 16.666140011511743,
    "latency_p95": 17.113345020334233,
    "junk_kept_rate_mean": 0.1,
    "junk_kept_rate_median": 0.0,
    "junk_kept_rate_max": 0.5,
    "intent_preservation_mean": 1.0,
    "intent_preservation_rate": 1.0,
    "precision_mean": 0.9,
    "recall_mean": 0.4766666666666667,
    "f1_mean": 0.6213333333333333
  },
  "entropy": {
    "total_runs": 150,
    "successful_runs": 150,
    "success_rate": 1.0,
    "reduction_mean": 0.7991784262664046,
    "reduction_median": 0.8028683047188239,
    "reduction_std": 0.016217977003940988,
    "reduction_min": 0.7456647398843931,
    "reduction_max": 0.8226950354609929,
    "reduction_p90": 0.81517929089444,
    "retention_mean": 0.04,
    "retention_median": 0.0,
    "retention_std": 0.19595917942265423,
    "retention_min": 0.0,
    "retention_max": 1.0,
    "retention_p10": 0.0,
    "latency_mean": 18.498240000723552,
    "latency_median": 18.245000013848767,
    "latency_std": 1.7281224241442266,
    "latency_min": 14.901300019118935,
    "latency_max": 23.5677000018768,
    "latency_p90": 21.132379985647276,
    "latency_p95": 21.487029979471117,
    "confidence_mean": 0.17885,
    "confidence_median": 0.175,
    "confidence_std": 0.02221604150158168,
    "junk_kept_rate_mean": 0.1,
    "junk_kept_rate_median": 0.0,
    "junk_kept_rate_max": 1.0,
    "intent_preservation_mean": 0.86,
    "intent_preservation_rate": 0.86,
    "precision_mean": 0.84,
    "recall_mean": 0.22166666666666668,
    "f1_mean": 0.35
  },
  "calibration": {
    "expected_calibration_error": 0.13885000000000003
  }
}