{
  "insurance": {
    "pattern": {
      "total_runs": 30,
      "successful_runs": 30,
      "success_rate": 1.0,
      "reduction_mean": 0.5753516511222305,
      "reduction_median": 0.5935639648640773,
      "reduction_std": 0.04201853146766374,
      "reduction_min": 0.4883720930232558,
      "reduction_max": 0.6258064516129032,
      "reduction_p90": 0.6073174872665535,
      "retention_mean": 0.0,
      "retention_median": 0.0,
      "retention_std": 0.0,
      "retention_min": 0.0,
      "retention_max": 0.0,
      "retention_p10": 0.0,
      "latency_mean": 14.09674666550321,
      "latency_median": 14.489549997961149,
      "latency_std": 2.7435515052276647,
      "latency_min": 7.245099986903369,
      "latency_max": 17.846999980974942,
      "latency_p90": 16.834129998460412,
      "latency_p95": 17.48085498111322,
      "junk_kept_rate_mean": 0.0,
      "junk_kept_rate_median": 0.0,
      "junk_kept_rate_max": 0.0,
      "intent_preservation_mean": 1.0,
      "intent_preservation_rate": 1.0,
      "precision_mean": 1.0,
      "recall_mean": 0.55,
      "f1_mean": 0.706666666666667
    },
    "entropy": {
      "total_runs": 30,
      "successful_runs": 30,
      "success_rate": 1.0,
      "reduction_mean": 0.7854325946019325,
      "reduction_median": 0.7974602411569123,
      "reduction_std": 0.023871980837544948,
      "reduction_min": 0.7456647398843931,
      "reduction_max": 0.8076923076923077,
      "reduction_p90": 0.806575682382134,
      "retention_mean": 0.0,
      "retention_median": 0.0,
      "retention_std": 0.0,
      "retention_min": 0.0,
      "retention_max": 0.0,
      "retention_p10": 0.0,
      "latency_mean": 18.550506672666717,
      "latency_median": 18.04749999428168,
      "latency_std": 1.9358518145740002,
      "latency_min": 15.826999966520816,
      "latency_max": 23.55020004324615,
      "latency_p90": 20.93381998711266,
      "latency_p95": 23.294519991031848,
      "confidence_mean": 0.16799999999999995,
      "confidence_median": 0.175,
      "confidence_std": 0.014,
      "junk_kept_rate_mean": 0.0,
      "junk_kept_rate_median": 0.0,
      "junk_kept_rate_max": 0.0,
      "intent_preservation_mean": 1.0,
      "intent_preservation_rate": 1.0,
      "precision_mean": 1.0,
      "recall_mean": 0.275,
      "f1_mean": 0.43000000000000005
    },
    "calibration": {
      "expected_calibration_error": 0.16799999999999995
    }
  },
  "sdlc": {
    "pattern": {
      "total_runs": 30,
      "successful_runs": 30,
      "success_rate": 1.0,
      "reduction_mean": 0.5939621720089174,
      "reduction_median": 0.5924361861861862,
      "reduction_std": 0.013284637160254837,
      "reduction_min": 0.5660377358490566,
      "reduction_max": 0.618705035971223,
      "reduction_p90": 0.6066073457023855,
      "retention_mean": 0.2,
      "retention_median": 0.0,
      "retention_std": 0.4000000000000001,
      "retention_min": 0.0,
      "retention_max": 1.0,
      "retention_p10": 0.0,
      "latency_mean": 14.418023329926655,
      "latency_median": 15.012549964012578,
      "latency_std": 2.2308274206635588,
      "latency_min": 9.441499947570264,
      "latency_max": 18.077399989124388,
      "latency_p90": 17.022500006714836,
      "latency_p95": 17.638854996766895,
      "junk_kept_rate_mean": 0.0,
      "junk_kept_rate_median": 0.0,
      "junk_kept_rate_max": 0.0,
      "intent_preservation_mean": 1.0,
      "intent_preservation_rate": 1.0,
      "precision_mean": 1.0,
      "recall_mean": 0.5,
      "f1_mean": 0.6666666666666669
    },
    "entropy": {
      "total_runs": 30,
      "successful_runs": 30,
      "success_rate": 1.0,
      "reduction_mean": 0.8028723393754807,
      "reduction_median": 0.8096607245543416,
      "reduction_std": 0.014038743416364574,
      "reduction_min": 0.7814569536423841,
      "reduction_max": 0.8194444444444444,
      "reduction_p90": 0.8171557120500783,
      "retention_mean": 0.1,
      "retention_median": 0.0,
      "retention_std": 0.3,
      "retention_min": 0.0,
      "retention_max": 1.0,
      "retention_p10": 0.0,
      "latency_mean": 18.3535066646679,
      "latency_median": 17.658950004260987,
      "latency_std": 2.0878656712184114,
      "latency_min": 14.877199952024966,
      "latency_max": 23.780599993187934,
      "latency_p90": 21.479859977262095,
      "latency_p95": 21.607249989756383,
      "confidence_mean": 0.17499999999999993,
      "confidence_median": 0.175,
      "confidence_std": 5.551115123125783e-17,
      "junk_kept_rate_mean": 0.0,
      "junk_kept_rate_median": 0.0,
      "junk_kept_rate_max": 0.0,
      "intent_preservation_mean": 1.0,
      "intent_preservation_rate": 1.0,
      "precision_mean": 1.0,
      "recall_mean": 0.25,
      "f1_mean": 0.40000000000000013
    },
    "calibration": {
      "expected_calibration_error": 0.07499999999999993
    }
  },
  "mixed": {
    "pattern": {
      "total_runs": 30,
      "successful_runs": 30,
      "success_rate": 1.0,
      "reduction_mean": 0.5881545694860044,
      "reduction_median": 0.5971424134182326,
      "reduction_std": 0.019840785521434014,
      "reduction_min": 0.5555555555555556,
      "reduction_max": 0.6131386861313868,
      "reduction_p90": 0.6077424400417102,
      "retention_mean": 0.0,
      "retention_median": 0.0,
      "retention_std": 0.0,
      "retention_min": 0.0,
      "retention_max": 0.0,
      "retention_p10": 0.0,
      "latency_mean": 14.344816672382876,
      "latency_median": 14.817400020547211,
      "latency_std": 1.8710695443159784,
      "latency_min": 10.86009998107329,
      "latency_max": 17.044999985955656,
      "latency_p90": 16.50895996717736,
      "latency_p95": 16.68142499984242,
      "junk_kept_rate_mean": 0.0,
      "junk_kept_rate_median": 0.0,
      "junk_kept_rate_max": 0.0,
      "intent_preservation_mean": 1.0,
      "intent_preservation_rate": 1.0,
      "precision_mean": 1.0,
      "recall_mean": 0.5,
      "f1_mean": 0.6666666666666669
    },
    "entropy": {
      "total_runs": 30,
      "successful_runs": 30,
      "success_rate": 1.0,
      "reduction_mean": 0.8004099644591197,
      "reduction_median": 0.8027689949219124,
      "reduction_std": 0.010794172510853156,
      "reduction_min": 0.7857142857142857,
      "reduction_max": 0.8226950354609929,
      "reduction_p90": 0.8114665838380701,
      "retention_mean": 0.0,
      "retention_median": 0.0,
      "retention_std": 0.0,
      "retention_min": 0.0,
      "retention_max": 0.0,
      "retention_p10": 0.0,
      "latency_mean": 18.209473334718496,
      "latency_median": 17.746299999998882,
      "latency_std": 1.7117033314097119,
      "latency_min": 15.764500014483929,
      "latency_max": 22.190399991814047,
      "latency_p90": 20.880340004805475,
      "latency_p95": 21.57047998625785,
      "confidence_mean": 0.18374999999999997,
      "confidence_median": 0.175,
      "confidence_std": 0.026249999999999985,
      "junk_kept_rate_mean": 0.0,
      "junk_kept_rate_median": 0.0,
      "junk_kept_rate_max": 0.0,
      "intent_preservation_mean": 0.3,
      "intent_preservation_rate": 0.3,
      "precision_mean": 1.0,
      "recall_mean": 0.25,
      "f1_mean": 0.40000000000000013
    },
    "calibration": {
      "expected_calibration_error": 0.18374999999999997
    }
  },
  "dupes": {
    "pattern": {
      "total_runs": 30,
      "successful_runs": 30,
      "success_rate": 1.0,
      "reduction_mean": 0.6002859675410054,
      "reduction_median": 0.6,
      "reduction_std": 0.008664031274884404,
      "reduction_min": 0.5782312925170068,
      "reduction_max": 0.6099290780141844,
      "reduction_p90": 0.6091132085532982,
      "retention_mean": 0.0,
      "retention_median": 0.0,
      "retention_std": 0.0,
      "retention_min": 0.0,
      "retention_max": 0.0,
      "retention_p10": 0.0,
      "latency_mean": 14.532533332627887,
      "latency_median": 14.362450019689277,
      "latency_std": 2.0256652479803057,
      "latency_min": 10.4867999907583,