{
  "pattern": {
    "total_runs": 120,
    "successful_runs": 120,
    "success_rate": 1.0,
    "reduction_mean": 0.5894385900395395,
    "reduction_median": 0.5977498869289914,
    "reduction_std": 0.026215356799752332,
    "reduction_min": 0.4883720930232558,
    "reduction_max": 0.6258064516129032,
    "reduction_p90": 0.6091132085532982,
    "retention_mean": 0.05,
    "retention_median": 0.0,
    "retention_std": 0.2179449471770336,
    "retention_min": 0.0,
    "retention_max": 1.0,
    "retention_p10": 0.0,
    "latency_mean": 14.348030000110157,
    "latency_median": 14.751200011232868,
    "latency_std": 2.247775620742568,
    "latency_min": 7.245099986903369,
    "latency_max": 18.077399989124388,
    "latency_p90": 16.78009003517218,
    "latency_p95": 17.19688503362704,
    "junk_kept_rate_mean": 0.125,
    "junk_kept_rate_median": 0.0,
    "junk_kept_rate_max": 0.5,
    "intent_preservation_mean": 1.0,
    "intent_preservation_rate": 1.0,
    "precision_mean": 0.875,
    "recall_mean": 0.4708333333333332,
    "f1_mean": 0.6100000000000001
  },
  "entropy": {
    "total_runs": 120,
    "successful_runs": 120,
    "success_rate": 1.0,
    "reduction_mean": 0.797902913916538,
    "reduction_median": 0.8028683047188239,
    "reduction_std": 0.01719550630000156,
    "reduction_min": 0.7456647398843931,
    "reduction_max": 0.8226950354609929,
    "reduction_p90": 0.8147302298402804,
    "retention_mean": 0.025,
    "retention_median": 0.0,
    "retention_std": 0.15612494995995996,
    "retention_min": 0.0,
    "retention_max": 1.0,
    "retention_p10": 0.0,
    "latency_mean": 18.473200834705494,
    "latency_median": 18.062449991703033,
    "latency_std": 1.8189351509603793,
    "latency_min": 14.877199952024966,
    "latency_max": 23.780599993187934,
    "latency_p90": 21.249429986346513,
    "latency_p95": 21.69816999521572,
    "confidence_mean": 0.17543749999999997,
    "confidence_median": 0.175,
    "confidence_std": 0.015889142322668016,
    "junk_kept_rate_mean": 0.075,
    "junk_kept_rate_median": 0.0,
    "junk_kept_rate_max": 0.5,
    "intent_preservation_mean": 0.825,
    "intent_preservation_rate": 0.825,
    "precision_mean": 0.85,
    "recall_mean": 0.22708333333333333,
    "f1_mean": 0.3575
  },
  "calibration": {
    "expected_calibration_error": 0.15043750000000003
  }
}