{
  "pattern": {
    "total_runs": 120,
    "successful_runs": 120,
    "success_rate": 1.0,
    "reduction_mean": 0.5894385900395395,
    "reduction_median": 0.5977498869289914,
    "reduction_std": 0.026215356799752332,
    "reduction_min": 0.4883720930232558,
    "reduction_max": 0.6258064516129032,
    "reduction_p90": 0.6091132085532982,
    "retention_mean": 0.05,
    "retention_median": 0.0,
    "retention_std": 0.2179449471770336,
    "retention_min": 0.0,
    "retention_max": 1.0,
    "retention_p10": 0.0,
    "latency_mean": 14.237477503290089,
    "latency_median": 14.625300012994558,
    "latency_std": 2.5039937318116934,
    "latency_min": 6.837799970526248,
    "latency_max": 21.31009998265654,
    "latency_p90": 16.980839986354113,
    "latency_p95": 17.25733496423345,
    "junk_kept_rate_mean": 0.125,
    "junk_kept_rate_median": 0.0,
    "junk_kept_rate_max": 0.5,
    "intent_preservation_mean": 1.0,
    "intent_preservation_rate": 1.0,
    "precision_mean": 0.875,
    "recall_mean": 0.4708333333333332,
    "f1_mean": 0.6100000000000001
  },
  "entropy": {
    "total_runs": 120,
    "successful_runs": 120,
    "success_rate": 1.0,
    "reduction_mean": 0.5894385900395395,
    "reduction_median": 0.5977498869289914,
    "reduction_std": 0.026215356799752332,
    "reduction_min": 0.4883720930232558,
    "reduction_max": 0.6258064516129032,
    "reduction_p90": 0.6091132085532982,
    "retention_mean": 0.05,
    "retention_median": 0.0,
    "retention_std": 0.2179449471770336,
    "retention_min": 0.0,
    "retention_max": 1.0,
    "retention_p10": 0.0,
    "latency_mean": 14.034403329909159,
    "latency_median": 14.380649983650073,
    "latency_std": 2.112066554216754,
    "latency_min": 9.119599999394268,
    "latency_max": 18.093999999109656,
    "latency_p90": 16.687079990515485,
    "latency_p95": 16.986645001452416,
    "junk_kept_rate_mean": 0.125,
    "junk_kept_rate_median": 0.0,
    "junk_kept_rate_max": 0.5,
    "intent_preservation_mean": 1.0,
    "intent_preservation_rate": 1.0,
    "precision_mean": 0.875,
    "recall_mean": 0.4708333333333332,
    "f1_mean": 0.6100000000000001
  },
  "calibration": {
    "expected_calibration_error": 0.0
  }
}