{
  "insurance": {
    "pattern": {
      "total_runs": 30,
      "successful_runs": 30,
      "success_rate": 1.0,
      "reduction_mean": 0.5753516511222305,
      "reduction_median": 0.5935639648640773,
      "reduction_std": 0.04201853146766374,
      "reduction_min": 0.4883720930232558,
      "reduction_max": 0.6258064516129032,
      "reduction_p90": 0.6073174872665535,
      "retention_mean": 0.0,
      "retention_median": 0.0,
      "retention_std": 0.0,
      "retention_min": 0.0,
      "retention_max": 0.0,
      "retention_p10": 0.0,
      "latency_mean": 12.78059333562851,
      "latency_median": 12.476000003516674,
      "latency_std": 2.2244572179713273,
      "latency_min": 7.939600036479533,
      "latency_max": 17.98080001026392,
      "latency_p90": 16.075830021873116,
      "latency_p95": 16.604439981165342,
      "junk_kept_rate_mean": 0.0,
      "junk_kept_rate_median": 0.0,
      "junk_kept_rate_max": 0.0,
      "intent_preservation_mean": 1.0,
      "intent_preservation_rate": 1.0,
      "precision_mean": 1.0,
      "recall_mean": 0.55,
      "f1_mean": 0.706666666666667
    },
    "entropy": {
      "total_runs": 30,
      "successful_runs": 30,
      "success_rate": 1.0,
      "reduction_mean": 0.7854325946019325,
      "reduction_median": 0.7974602411569123,
      "reduction_std": 0.023871980837544948,
      "reduction_min": 0.7456647398843931,
      "reduction_max": 0.8076923076923077,
      "reduction_p90": 0.806575682382134,
      "retention_mean": 0.0,
      "retention_median": 0.0,
      "retention_std": 0.0,
      "retention_min": 0.0,
      "retention_max": 0.0,
      "retention_p10": 0.0,
      "latency_mean": 18.47155667298163,
      "latency_median": 17.86990000982769,
      "latency_std": 1.9739139554952867,
      "latency_min": 15.084700018633157,
      "latency_max": 23.476700007449836,
      "latency_p90": 21.789000008720905,
      "latency_p95": 22.316765022696927,
      "confidence_mean": 0.16799999999999995,
      "confidence_median": 0.175,
      "confidence_std": 0.014,
      "junk_kept_rate_mean": 0.0,
      "junk_kept_rate_median": 0.0,
      "junk_kept_rate_max": 0.0,
      "intent_preservation_mean": 1.0,
      "intent_preservation_rate": 1.0,
      "precision_mean": 1.0,
      "recall_mean": 0.275,
      "f1_mean": 0.43000000000000005
    },
    "calibration": {
      "expected_calibration_error": 0.16799999999999995
    }
  },
  "sdlc": {
    "pattern": {
      "total_runs": 30,
      "successful_runs": 30,
      "success_rate": 1.0,
      "reduction_mean": 0.5939621720089174,
      "reduction_median": 0.5924361861861862,
      "reduction_std": 0.013284637160254837,
      "reduction_min": 0.5660377358490566,
      "reduction_max": 0.618705035971223,
      "reduction_p90": 0.6066073457023855,
      "retention_mean": 0.2,
      "retention_median": 0.0,
      "retention_std": 0.4000000000000001,
      "retention_min": 0.0,
      "retention_max": 1.0,
      "retention_p10": 0.0,
      "latency_mean": 14.231896670147156,
      "latency_median": 14.109500014455989,
      "latency_std": 2.512652949059221,
      "latency_min": 10.232799977529794,
      "latency_max": 21.006900002248585,
      "latency_p90": 17.318630003137514,
      "latency_p95": 17.67032503557857,
      "junk_kept_rate_mean": 0.0,
      "junk_kept_rate_median": 0.0,
      "junk_kept_rate_max": 0.0,
      "intent_preservation_mean": 1.0,
      "intent_preservation_rate": 1.0,
      "precision_mean": 1.0,
      "recall_mean": 0.5,
      "f1_mean": 0.6666666666666669
    },
    "entropy": {
      "total_runs": 30,
      "successful_runs": 30,
      "success_rate": 1.0,
      "reduction_mean": 0.8028723393754807,
      "reduction_median": 0.8096607245543416,
      "reduction_std": 0.014038743416364574,
      "reduction_min": 0.7814569536423841,
      "reduction_max": 0.8194444444444444,
      "reduction_p90": 0.8171557120500783,
      "retention_mean": 0.1,
      "retention_median": 0.0,
      "retention_std": 0.3,
      "retention_min": 0.0,
      "retention_max": 1.0,
      "retention_p10": 0.0,
      "latency_mean": 18.116286670556292,
      "latency_median": 17.792450002161786,
      "latency_std": 1.8614677536264632,
      "latency_min": 14.893399958964437,
      "latency_max": 22.350400045979768,
      "latency_p90": 20.525799971073866,
      "latency_p95": 21.902695021708492,
      "confidence_mean": 0.17499999999999993,
      "confidence_median": 0.175,
      "confidence_std": 5.551115123125783e-17,
      "junk_kept_rate_mean": 0.0,
      "junk_kept_rate_median": 0.0,
      "junk_kept_rate_max": 0.0,
      "intent_preservation_mean": 1.0,
      "intent_preservation_rate": 1.0,
      "precision_mean": 1.0,
      "recall_mean": 0.25,
      "f1_mean": 0.40000000000000013
    },
    "calibration": {
      "expected_calibration_error": 0.07499999999999993
    }
  },
  "mixed": {
    "pattern": {
      "total_runs": 30,
      "successful_runs": 30,
      "success_rate": 1.0,
      "reduction_mean": 0.5881545694860044,
      "reduction_median": 0.5971424134182326,
      "reduction_std": 0.019840785521434014,
      "reduction_min": 0.5555555555555556,
      "reduction_max": 0.6131386861313868,
      "reduction_p90": 0.6077424400417102,
      "retention_mean": 0.0,
      "retention_median": 0.0,
      "retention_std": 0.0,
      "retention_min": 0.0,
      "retention_max": 0.0,
      "retention_p10": 0.0,
      "latency_mean": 14.673223323188722,
      "latency_median": 14.642099995398894,
      "latency_std": 1.6779017239313723,
      "latency_min": 10.862399998586625,
      "latency_max": 17.21790002193302,
      "latency_p90": 17.01372000388801,
      "latency_p95": 17.138649968546815,
      "junk_kept_rate_mean": 0.0,
      "junk_kept_rate_median": 0.0,
      "junk_kept_rate_max": 0.0,
      "intent_preservation_mean": 1.0,
      "intent_preservation_rate": 1.0,
      "precision_mean": 1.0,
      "recall_mean": 0.5,
      "f1_mean": 0.6666666666666669
    },
    "entropy": {
      "total_runs": 30,
      "successful_runs": 30,
      "success_rate": 1.0,
      "reduction_mean": 0.8004099644591197,
      "reduction_median": 0.8027689949219124,
      "reduction_std": 0.010794172510853156,
      "reduction_min": 0.7857142857142857,
      "reduction_max": 0.8226950354609929,
      "reduction_p90": 0.8114665838380701,
      "retention_mean": 0.0,
      "retention_median": 0.0,
      "retention_std": 0.0,
      "retention_min": 0.0,
      "retention_max": 0.0,
      "retention_p10": 0.0,
      "latency_mean": 18.3062233380042,
      "latency_median": 18.11935001751408,
      "latency_std": 1.3715752838270183,
      "latency_min": 15.179399983026087,
      "latency_max": 21.1468999623321,
      "latency_p90": 20.329860009951517,
      "latency_p95": 20.448600020608865,
      "confidence_mean": 0.18374999999999997,
      "confidence_median": 0.175,
      "confidence_std": 0.026249999999999985,
      "junk_kept_rate_mean": 0.0,
      "junk_kept_rate_median": 0.0,
      "junk_kept_rate_max": 0.0,
      "intent_preservation_mean": 0.3,
      "intent_preservation_rate": 0.3,
      "precision_mean": 1.0,
      "recall_mean": 0.25,
      "f1_mean": 0.40000000000000013
    },
    "calibration": {
      "expected_calibration_error": 0.18374999999999997
    }
  },
  "dupes": {
    "pattern": {
      "total_runs": 30,
      "successful_runs": 30,
      "success_rate": 1.0,
      "reduction_mean": 0.6002859675410054,
      "reduction_median": 0.6,
      "reduction_std": 0.008664031274884404,
      "reduction_min": 0.5782312925170068,
      "reduction_max": 0.6099290780141844,
      "reduction_p90": 0.6091132085532982,
      "retention_mean": 0.0,
      "retention_median": 0.0,
      "retention_std": 0.0,
      "retention_min": 0.0,
      "retention_max": 0.0,
      "retention_p10": 0.0,
      "latency_mean": 13.933633333848169,
      "latency_median": 14.274950022809207,
      "latency_std": 2.25801591574307,
      "latency_min": 9.065599995665252,