bin_lower,bin_upper,count,avg_confidence,avg_accuracy,calibration_error
0.1,0.2,141,0.1735106382978724,0.0425531914893617,0.13095744680851068
0.2,0.30000000000000004,9,0.26249999999999996,0.0,0.26249999999999996
