{
  "pattern": {
    "total_runs": 150,
    "successful_runs": 150,
    "success_rate": 1.0,
    "reduction_mean": 0.5912466388909634,
    "reduction_median": 0.5977498869289914,
    "reduction_std": 0.02444236281037708,
    "reduction_min": 0.4883720930232558,
    "reduction_max": 0.6258064516129032,
    "reduction_p90": 0.6124303963314772,
    "retention_mean": 0.06,
    "retention_median": 0.0,
    "retention_std": 0.23748684174075835,
    "retention_min": 0.0,
    "retention_max": 1.0,
    "retention_p10": 0.0,
    "latency_mean": 15.185942001019916,
    "latency_median": 15.509650023886934,
    "latency_std": 2.6432416798305227,
    "latency_min": 7.5727999792434275,
    "latency_max": 22.339100018143654,
    "latency_p90": 18.1387500022538,
    "latency_p95": 19.138365011895075,
    "junk_kept_rate_mean": 0.1,
    "junk_kept_rate_median": 0.0,
    "junk_kept_rate_max": 0.5,
    "intent_preservation_mean": 1.0,
    "intent_preservation_rate": 1.0,
    "precision_mean": 0.9,
    "recall_mean": 0.4766666666666667,
    "f1_mean": 0.6213333333333333
  },
  "entropy": {
    "total_runs": 150,
    "successful_runs": 150,
    "success_rate": 1.0,
    "reduction_mean": 0.7991784262664046,
    "reduction_median": 0.8028683047188239,
    "reduction_std": 0.016217977003940988,
    "reduction_min": 0.7456647398843931,
    "reduction_max": 0.8226950354609929,
    "reduction_p90": 0.81517929089444,
    "retention_mean": 0.04,
    "retention_median": 0.0,
    "retention_std": 0.19595917942265423,
    "retention_min": 0.0,
    "retention_max": 1.0,
    "retention_p10": 0.0,
    "latency_mean": 19.976068668377895,
    "latency_median": 19.99635001993738,
    "latency_std": 2.9008246192234926,
    "latency_min": 14.620899979490787,
    "latency_max": 26.298200013116002,
    "latency_p90": 23.946390027413145,
    "latency_p95": 24.73265002190601,
    "confidence_mean": 0.17885,
    "confidence_median": 0.175,
    "confidence_std": 0.02221604150158168,
    "junk_kept_rate_mean": 0.1,
    "junk_kept_rate_median": 0.0,
    "junk_kept_rate_max": 1.0,
    "intent_preservation_mean": 0.86,
    "intent_preservation_rate": 0.86,
    "precision_mean": 0.84,
    "recall_mean": 0.22166666666666668,
    "f1_mean": 0.35
  },
  "calibration": {
    "expected_calibration_error": 0.13885000000000003
  }
}