{
  "pattern": {
    "total_runs": 150,
    "successful_runs": 150,
    "success_rate": 1.0,
    "reduction_mean": 0.5912466388909634,
    "reduction_median": 0.5977498869289914,
    "reduction_std": 0.02444236281037708,
    "reduction_min": 0.4883720930232558,
    "reduction_max": 0.6258064516129032,
    "reduction_p90": 0.6124303963314772,
    "retention_mean": 0.06,
    "retention_median": 0.0,
    "retention_std": 0.23748684174075835,
    "retention_min": 0.0,
    "retention_max": 1.0,
    "retention_p10": 0.0,
    "latency_mean": 13.934993999622142,
    "latency_median": 14.160599966999143,
    "latency_std": 2.270558034928975,
    "latency_min": 6.8375999690033495,
    "latency_max": 19.09930002875626,
    "latency_p90": 16.472220019204542,
    "latency_p95": 17.10749497869983,
    "junk_kept_rate_mean": 0.1,
    "junk_kept_rate_median": 0.0,
    "junk_kept_rate_max": 0.5,
    "intent_preservation_mean": 1.0,
    "intent_preservation_rate": 1.0,
    "precision_mean": 0.9,
    "recall_mean": 0.4766666666666667,
    "f1_mean": 0.6213333333333333
  },
  "entropy": {
    "total_runs": 150,
    "successful_runs": 150,
    "success_rate": 1.0,
    "reduction_mean": 0.7991784262664046,
    "reduction_median": 0.8028683047188239,
    "reduction_std": 0.016217977003940988,
    "reduction_min": 0.7456647398843931,
    "reduction_max": 0.8226950354609929,
    "reduction_p90": 0.81517929089444,
    "retention_mean": 0.04,
    "retention_median": 0.0,
    "retention_std": 0.19595917942265423,
    "retention_min": 0.0,
    "retention_max": 1.0,
    "retention_p10": 0.0,
    "latency_mean": 18.08226200286299,
    "latency_median": 17.93040000484325,
    "latency_std": 1.8376033185747966,
    "latency_min": 13.386799953877926,
    "latency_max": 24.578799959272146,
    "latency_p90": 20.425609964877367,
    "latency_p95": 21.25598000420723,
    "confidence_mean": 0.17885,
    "confidence_median": 0.175,
    "confidence_std": 0.02221604150158168,
    "junk_kept_rate_mean": 0.1,
    "junk_kept_rate_median": 0.0,
    "junk_kept_rate_max": 1.0,
    "intent_preservation_mean": 0.86,
    "intent_preservation_rate": 0.86,
    "precision_mean": 0.84,
    "recall_mean": 0.22166666666666668,
    "f1_mean": 0.35
  },
  "calibration": {
    "expected_calibration_error": 0.13885000000000003
  }
}