{
  "insurance": {
    "pattern": {
      "total_runs": 30,
      "successful_runs": 30,
      "success_rate": 1.0,
      "reduction_mean": 0.5753516511222305,
      "reduction_median": 0.5935639648640773,
      "reduction_std": 0.04201853146766374,
      "reduction_min": 0.4883720930232558,
      "reduction_max": 0.6258064516129032,
      "reduction_p90": 0.6073174872665535,
      "retention_mean": 0.0,
      "retention_median": 0.0,
      "retention_std": 0.0,
      "retention_min": 0.0,
      "retention_max": 0.0,
      "retention_p10": 0.0,
      "latency_mean": 13.264499998573834,
      "latency_median": 13.602099992567673,
      "latency_std": 2.787690598093089,
      "latency_min": 6.8375999690033495,
      "latency_max": 17.913400020916015,
      "latency_p90": 16.45238000783138,
      "latency_p95": 16.716290012118407,
      "junk_kept_rate_mean": 0.0,
      "junk_kept_rate_median": 0.0,
      "junk_kept_rate_max": 0.0,
      "intent_preservation_mean": 1.0,
      "intent_preservation_rate": 1.0,
      "precision_mean": 1.0,
      "recall_mean": 0.55,
      "f1_mean": 0.706666666666667
    },
    "entropy": {
      "total_runs": 30,
      "successful_runs": 30,
      "success_rate": 1.0,
      "reduction_mean": 0.7854325946019325,
      "reduction_median": 0.7974602411569123,
      "reduction_std": 0.023871980837544948,
      "reduction_min": 0.7456647398843931,
      "reduction_max": 0.8076923076923077,
      "reduction_p90": 0.806575682382134,
      "retention_mean": 0.0,
      "retention_median": 0.0,
      "retention_std": 0.0,
      "retention_min": 0.0,
      "retention_max": 0.0,
      "retention_p10": 0.0,
      "latency_mean": 18.152250004156183,
      "latency_median": 18.06679999572225,
      "latency_std": 2.2125098227799413,
      "latency_min": 13.386799953877926,
      "latency_max": 24.578799959272146,
      "latency_p90": 20.425609964877367,
      "latency_p95": 21.301175010739822,
      "confidence_mean": 0.16799999999999995,
      "confidence_median": 0.175,
      "confidence_std": 0.014,
      "junk_kept_rate_mean": 0.0,
      "junk_kept_rate_median": 0.0,
      "junk_kept_rate_max": 0.0,
      "intent_preservation_mean": 1.0,
      "intent_preservation_rate": 1.0,
      "precision_mean": 1.0,
      "recall_mean": 0.275,
      "f1_mean": 0.43000000000000005
    },
    "calibration": {
      "expected_calibration_error": 0.16799999999999995
    }
  },
  "sdlc": {
    "pattern": {
      "total_runs": 30,
      "successful_runs": 30,
      "success_rate": 1.0,
      "reduction_mean": 0.5939621720089174,
      "reduction_median": 0.5924361861861862,
      "reduction_std": 0.013284637160254837,
      "reduction_min": 0.5660377358490566,
      "reduction_max": 0.618705035971223,
      "reduction_p90": 0.6066073457023855,
      "retention_mean": 0.2,
      "retention_median": 0.0,
      "retention_std": 0.4000000000000001,
      "retention_min": 0.0,
      "retention_max": 1.0,
      "retention_p10": 0.0,
      "latency_mean": 14.471953335062912,
      "latency_median": 14.74340001004748,
      "latency_std": 1.8144538755112776,
      "latency_min": 10.628400021232665,
      "latency_max": 17.378300020936877,
      "latency_p90": 16.356340039055794,
      "latency_p95": 16.93896997894626,
      "junk_kept_rate_mean": 0.0,
      "junk_kept_rate_median": 0.0,
      "junk_kept_rate_max": 0.0,
      "intent_preservation_mean": 1.0,
      "intent_preservation_rate": 1.0,
      "precision_mean": 1.0,
      "recall_mean": 0.5,
      "f1_mean": 0.6666666666666669
    },
    "entropy": {
      "total_runs": 30,
      "successful_runs": 30,
      "success_rate": 1.0,
      "reduction_mean": 0.8028723393754807,
      "reduction_median": 0.8096607245543416,
      "reduction_std": 0.014038743416364574,
      "reduction_min": 0.7814569536423841,
      "reduction_max": 0.8194444444444444,
      "reduction_p90": 0.8171557120500783,
      "retention_mean": 0.1,
      "retention_median": 0.0,
      "retention_std": 0.3,
      "retention_min": 0.0,
      "retention_max": 1.0,
      "retention_p10": 0.0,
      "latency_mean": 18.598986665407818,
      "latency_median": 18.297500035259873,
      "latency_std": 1.8986221937150611,
      "latency_min": 15.107500017620623,
      "latency_max": 22.860000026412308,
      "latency_p90": 21.2543600180652,
      "latency_p95": 21.96676997991744,
      "confidence_mean": 0.17499999999999993,
      "confidence_median": 0.175,
      "confidence_std": 5.551115123125783e-17,
      "junk_kept_rate_mean": 0.0,
      "junk_kept_rate_median": 0.0,
      "junk_kept_rate_max": 0.0,
      "intent_preservation_mean": 1.0,
      "intent_preservation_rate": 1.0,
      "precision_mean": 1.0,
      "recall_mean": 0.25,
      "f1_mean": 0.40000000000000013
    },
    "calibration": {
      "expected_calibration_error": 0.07499999999999993
    }
  },
  "mixed": {
    "pattern": {
      "total_runs": 30,
      "successful_runs": 30,
      "success_rate": 1.0,
      "reduction_mean": 0.5881545694860044,
      "reduction_median": 0.5971424134182326,
      "reduction_std": 0.019840785521434014,
      "reduction_min": 0.5555555555555556,
      "reduction_max": 0.6131386861313868,
      "reduction_p90": 0.6077424400417102,
      "retention_mean": 0.0,
      "retention_median": 0.0,
      "retention_std": 0.0,
      "retention_min": 0.0,
      "retention_max": 0.0,
      "retention_p10": 0.0,
      "latency_mean": 14.23498999987108,
      "latency_median": 14.317149965791032,
      "latency_std": 1.8055926292513118,
      "latency_min": 10.653799981810153,
      "latency_max": 19.09930002875626,
      "latency_p90": 16.254380001919344,
      "latency_p95": 16.912234990741126,
      "junk_kept_rate_mean": 0.0,
      "junk_kept_rate_median": 0.0,
      "junk_kept_rate_max": 0.0,
      "intent_preservation_mean": 1.0,
      "intent_preservation_rate": 1.0,
      "precision_mean": 1.0,
      "recall_mean": 0.5,
      "f1_mean": 0.6666666666666669
    },
    "entropy": {
      "total_runs": 30,
      "successful_runs": 30,
      "success_rate": 1.0,
      "reduction_mean": 0.8004099644591197,
      "reduction_median": 0.8027689949219124,
      "reduction_std": 0.010794172510853156,
      "reduction_min": 0.7857142857142857,
      "reduction_max": 0.8226950354609929,
      "reduction_p90": 0.8114665838380701,
      "retention_mean": 0.0,
      "retention_median": 0.0,
      "retention_std": 0.0,
      "retention_min": 0.0,
      "retention_max": 0.0,
      "retention_p10": 0.0,
      "latency_mean": 17.5136966650219,
      "latency_median": 17.24814999033697,
      "latency_std": 1.6263802551498885,
      "latency_min": 13.713399996049702,
      "latency_max": 21.0162999574095,
      "latency_p90": 19.32633996475488,
      "latency_p95": 20.272349979495626,
      "confidence_mean": 0.18374999999999997,
      "confidence_median": 0.175,
      "confidence_std": 0.026249999999999985,
      "junk_kept_rate_mean": 0.0,
      "junk_kept_rate_median": 0.0,
      "junk_kept_rate_max": 0.0,
      "intent_preservation_mean": 0.3,
      "intent_preservation_rate": 0.3,
      "precision_mean": 1.0,
      "recall_mean": 0.25,
      "f1_mean": 0.40000000000000013
    },
    "calibration": {
      "expected_calibration_error": 0.18374999999999997
    }
  },
  "dupes": {
    "pattern": {
      "total_runs": 30,
      "successful_runs": 30,
      "success_rate": 1.0,
      "reduction_mean": 0.6002859675410054,
      "reduction_median": 0.6,
      "reduction_std": 0.008664031274884404,
      "reduction_min": 0.5782312925170068,
      "reduction_max": 0.6099290780141844,
      "reduction_p90": 0.6091132085532982,
      "retention_mean": 0.0,
      "retention_median": 0.0,
      "retention_std": 0.0,
      "retention_min": 0.0,
      "retention_max": 0.0,
      "retention_p10": 0.0,
      "latency_mean": 13.345396670047194,
      "latency_median": 13.011599978199229,
      "latency_std": 2.27498661873149,
      "latency_min": 9.518400009255856,