{
  "pattern": {
    "total_runs": 150,
    "successful_runs": 150,
    "success_rate": 1.0,
    "reduction_mean": 0.5912466388909634,
    "reduction_median": 0.5977498869289914,
    "reduction_std": 0.02444236281037708,
    "reduction_min": 0.4883720930232558,
    "reduction_max": 0.6258064516129032,
    "reduction_p90": 0.6124303963314772,
    "retention_mean": 0.06,
    "retention_median": 0.0,
    "retention_std": 0.23748684174075835,
    "retention_min": 0.0,
    "retention_max": 1.0,
    "retention_p10": 0.0,
    "latency_mean": 14.508048004160324,
    "latency_median": 14.55809996696189,
    "latency_std": 2.170074073690831,
    "latency_min": 7.683100004214793,
    "latency_max": 19.29070003097877,
    "latency_p90": 17.066129972226918,
    "latency_p95": 17.49406499147881,
    "junk_kept_rate_mean": 0.1,
    "junk_kept_rate_median": 0.0,
    "junk_kept_rate_max": 0.5,
    "intent_preservation_mean": 1.0,
    "intent_preservation_rate": 1.0,
    "precision_mean": 0.9,
    "recall_mean": 0.4766666666666667,
    "f1_mean": 0.6213333333333333
  },
  "entropy": {
    "total_runs": 150,
    "successful_runs": 150,
    "success_rate": 1.0,
    "reduction_mean": 0.7991784262664046,
    "reduction_median": 0.8028683047188239,
    "reduction_std": 0.016217977003940988,
    "reduction_min": 0.7456647398843931,
    "reduction_max": 0.8226950354609929,
    "reduction_p90": 0.81517929089444,
    "retention_mean": 0.04,
    "retention_median": 0.0,
    "retention_std": 0.19595917942265423,
    "retention_min": 0.0,
    "retention_max": 1.0,
    "retention_p10": 0.0,
    "latency_mean": 18.73098532979687,
    "latency_median": 18.44899999559857,
    "latency_std": 1.766202038809376,
    "latency_min": 14.929400000255555,
    "latency_max": 23.686699976678938,
    "latency_p90": 21.299449971411377,
    "latency_p95": 22.05326498951763,
    "confidence_mean": 0.17885,
    "confidence_median": 0.175,
    "confidence_std": 0.02221604150158168,
    "junk_kept_rate_mean": 0.1,
    "junk_kept_rate_median": 0.0,
    "junk_kept_rate_max": 1.0,
    "intent_preservation_mean": 0.86,
    "intent_preservation_rate": 0.86,
    "precision_mean": 0.84,
    "recall_mean": 0.22166666666666668,
    "f1_mean": 0.35
  },
  "calibration": {
    "expected_calibration_error": 0.13885000000000003
  }
}