{
  "insurance": {
    "pattern": {
      "total_runs": 30,
      "successful_runs": 30,
      "success_rate": 1.0,
      "reduction_mean": 0.5753516511222305,
      "reduction_median": 0.5935639648640773,
      "reduction_std": 0.04201853146766374,
      "reduction_min": 0.4883720930232558,
      "reduction_max": 0.6258064516129032,
      "reduction_p90": 0.6073174872665535,
      "retention_mean": 0.0,
      "retention_median": 0.0,
      "retention_std": 0.0,
      "retention_min": 0.0,
      "retention_max": 0.0,
      "retention_p10": 0.0,
      "latency_mean": 14.810086668391401,
      "latency_median": 15.595900011248887,
      "latency_std": 2.6483533784996407,
      "latency_min": 7.683100004214793,
      "latency_max": 17.90669996989891,
      "latency_p90": 17.13730003684759,
      "latency_p95": 17.420970008242875,
      "junk_kept_rate_mean": 0.0,
      "junk_kept_rate_median": 0.0,
      "junk_kept_rate_max": 0.0,
      "intent_preservation_mean": 1.0,
      "intent_preservation_rate": 1.0,
      "precision_mean": 1.0,
      "recall_mean": 0.55,
      "f1_mean": 0.706666666666667
    },
    "entropy": {
      "total_runs": 30,
      "successful_runs": 30,
      "success_rate": 1.0,
      "reduction_mean": 0.7854325946019325,
      "reduction_median": 0.7974602411569123,
      "reduction_std": 0.023871980837544948,
      "reduction_min": 0.7456647398843931,
      "reduction_max": 0.8076923076923077,
      "reduction_p90": 0.806575682382134,
      "retention_mean": 0.0,
      "retention_median": 0.0,
      "retention_std": 0.0,
      "retention_min": 0.0,
      "retention_max": 0.0,
      "retention_p10": 0.0,
      "latency_mean": 18.95707665826194,
      "latency_median": 18.444100016495213,
      "latency_std": 1.8597849725779059,
      "latency_min": 16.30509999813512,
      "latency_max": 23.686699976678938,
      "latency_p90": 21.634979970986024,
      "latency_p95": 23.093424993567165,
      "confidence_mean": 0.16799999999999995,
      "confidence_median": 0.175,
      "confidence_std": 0.014,
      "junk_kept_rate_mean": 0.0,
      "junk_kept_rate_median": 0.0,
      "junk_kept_rate_max": 0.0,
      "intent_preservation_mean": 1.0,
      "intent_preservation_rate": 1.0,
      "precision_mean": 1.0,
      "recall_mean": 0.275,
      "f1_mean": 0.43000000000000005
    },
    "calibration": {
      "expected_calibration_error": 0.16799999999999995
    }
  },
  "sdlc": {
    "pattern": {
      "total_runs": 30,
      "successful_runs": 30,
      "success_rate": 1.0,
      "reduction_mean": 0.5939621720089174,
      "reduction_median": 0.5924361861861862,
      "reduction_std": 0.013284637160254837,
      "reduction_min": 0.5660377358490566,
      "reduction_max": 0.618705035971223,
      "reduction_p90": 0.6066073457023855,
      "retention_mean": 0.2,
      "retention_median": 0.0,
      "retention_std": 0.4000000000000001,
      "retention_min": 0.0,
      "retention_max": 1.0,
      "retention_p10": 0.0,
      "latency_mean": 14.777336665429175,
      "latency_median": 14.864600030705333,
      "latency_std": 1.7647253362712172,
      "latency_min": 11.26299996394664,
      "latency_max": 17.504099989309907,
      "latency_p90": 17.066129972226918,
      "latency_p95": 17.174519997206517,
      "junk_kept_rate_mean": 0.0,
      "junk_kept_rate_median": 0.0,
      "junk_kept_rate_max": 0.0,
      "intent_preservation_mean": 1.0,
      "intent_preservation_rate": 1.0,
      "precision_mean": 1.0,
      "recall_mean": 0.5,
      "f1_mean": 0.6666666666666669
    },
    "entropy": {
      "total_runs": 30,
      "successful_runs": 30,
      "success_rate": 1.0,
      "reduction_mean": 0.8028723393754807,
      "reduction_median": 0.8096607245543416,
      "reduction_std": 0.014038743416364574,
      "reduction_min": 0.7814569536423841,
      "reduction_max": 0.8194444444444444,
      "reduction_p90": 0.8171557120500783,
      "retention_mean": 0.1,
      "retention_median": 0.0,
      "retention_std": 0.3,
      "retention_min": 0.0,
      "retention_max": 1.0,
      "retention_p10": 0.0,
      "latency_mean": 18.435763332915183,
      "latency_median": 17.956649971893057,
      "latency_std": 2.1102181697602154,
      "latency_min": 14.929400000255555,
      "latency_max": 22.28779997676611,
      "latency_p90": 21.758109994698316,
      "latency_p95": 22.09285001445096,
      "confidence_mean": 0.17499999999999993,
      "confidence_median": 0.175,
      "confidence_std": 5.551115123125783e-17,
      "junk_kept_rate_mean": 0.0,
      "junk_kept_rate_median": 0.0,
      "junk_kept_rate_max": 0.0,
      "intent_preservation_mean": 1.0,
      "intent_preservation_rate": 1.0,
      "precision_mean": 1.0,
      "recall_mean": 0.25,
      "f1_mean": 0.40000000000000013
    },
    "calibration": {
      "expected_calibration_error": 0.07499999999999993
    }
  },
  "mixed": {
    "pattern": {
      "total_runs": 30,
      "successful_runs": 30,
      "success_rate": 1.0,
      "reduction_mean": 0.5881545694860044,
      "reduction_median": 0.5971424134182326,
      "reduction_std": 0.019840785521434014,
      "reduction_min": 0.5555555555555556,
      "reduction_max": 0.6131386861313868,
      "reduction_p90": 0.6077424400417102,
      "retention_mean": 0.0,
      "retention_median": 0.0,
      "retention_std": 0.0,
      "retention_min": 0.0,
      "retention_max": 0.0,
      "retention_p10": 0.0,
      "latency_mean": 14.39399667821514,
      "latency_median": 15.037400007713586,
      "latency_std": 2.256523341337027,
      "latency_min": 9.952399996109307,
      "latency_max": 18.19840003736317,
      "latency_p90": 16.692890034755692,
      "latency_p95": 17.159555002581325,
      "junk_kept_rate_mean": 0.0,
      "junk_kept_rate_median": 0.0,
      "junk_kept_rate_max": 0.0,
      "intent_preservation_mean": 1.0,
      "intent_preservation_rate": 1.0,
      "precision_mean": 1.0,
      "recall_mean": 0.5,
      "f1_mean": 0.6666666666666669
    },
    "entropy": {
      "total_runs": 30,
      "successful_runs": 30,
      "success_rate": 1.0,
      "reduction_mean": 0.8004099644591197,
      "reduction_median": 0.8027689949219124,
      "reduction_std": 0.010794172510853156,
      "reduction_min": 0.7857142857142857,
      "reduction_max": 0.8226950354609929,
      "reduction_p90": 0.8114665838380701,
      "retention_mean": 0.0,
      "retention_median": 0.0,
      "retention_std": 0.0,
      "retention_min": 0.0,
      "retention_max": 0.0,
      "retention_p10": 0.0,
      "latency_mean": 18.722523325898994,
      "latency_median": 18.63979999325238,
      "latency_std": 1.6605419904750105,
      "latency_min": 15.744699980132282,
      "latency_max": 22.180900035891682,
      "latency_p90": 20.94441998633556,
      "latency_p95": 21.645624988013875,
      "confidence_mean": 0.18374999999999997,
      "confidence_median": 0.175,
      "confidence_std": 0.026249999999999985,
      "junk_kept_rate_mean": 0.0,
      "junk_kept_rate_median": 0.0,
      "junk_kept_rate_max": 0.0,
      "intent_preservation_mean": 0.3,
      "intent_preservation_rate": 0.3,
      "precision_mean": 1.0,
      "recall_mean": 0.25,
      "f1_mean": 0.40000000000000013
    },
    "calibration": {
      "expected_calibration_error": 0.18374999999999997
    }
  },
  "dupes": {
    "pattern": {
      "total_runs": 30,
      "successful_runs": 30,
      "success_rate": 1.0,
      "reduction_mean": 0.6002859675410054,
      "reduction_median": 0.6,
      "reduction_std": 0.008664031274884404,
      "reduction_min": 0.5782312925170068,
      "reduction_max": 0.6099290780141844,
      "reduction_p90": 0.6091132085532982,
      "retention_mean": 0.0,
      "retention_median": 0.0,
      "retention_std": 0.0,
      "retention_min": 0.0,
      "retention_max": 0.0,
      "retention_p10": 0.0,
      "latency_mean": 14.159509999444708,
      "latency_median": 13.598400022601709,
      "latency_std": 1.7678207191410888,
      "latency_min": 11.736599961295724,