{
  "insurance": {
    "pattern": {
      "total_runs": 30,
      "successful_runs": 30,
      "success_rate": 1.0,
      "retention_mean": 0.0,
      "retention_median": 0.0,
      "retention_std": 0.0,
      "retention_min": 0.0,
      "retention_max": 0.0,
      "retention_p10": 0.0,
      "latency_mean": 15.764339997743567,
      "latency_median": 15.892249997705221,
      "latency_std": 2.4969459757873316,
      "latency_min": 8.429900044575334,
      "latency_max": 19.387500011362135,
      "latency_p90": 18.626229994697496,
      "latency_p95": 18.980550006381236,
      "junk_kept_rate_mean": 0.0,
      "junk_kept_rate_median": 0.0,
      "junk_kept_rate_max": 0.0,
      "intent_preservation_mean": 1.0,
      "intent_preservation_rate": 1.0,
      "precision_mean": 1.0,
      "recall_mean": 0.55,
      "f1_mean": 0.706666666666667
    },
    "entropy": {
      "total_runs": 30,
      "successful_runs": 30,
      "success_rate": 1.0,
      "reduction_mean": 0.7854325946019325,
      "reduction_median": 0.7974602411569123,
      "reduction_std": 0.023871980837544948,
      "reduction_min": 0.7456647398843931,
      "reduction_max": 0.8076923076923077,
      "reduction_p90": 0.806575682382134,
      "retention_mean": 0.0,
      "retention_median": 0.0,
      "retention_std": 0.0,
      "retention_min": 0.0,
      "retention_max": 0.0,
      "retention_p10": 0.0,
      "latency_mean": 22.550350008532405,
      "latency_median": 22.715500002959743,
      "latency_std": 2.184032523487248,
      "latency_min": 17.058500030543655,
      "latency_max": 26.14590001758188,
      "latency_p90": 25.058139965403825,
      "latency_p95": 25.456659996416416,
      "confidence_mean": 0.16799999999999995,
      "confidence_median": 0.175,
      "confidence_std": 0.014,
      "junk_kept_rate_mean": 0.0,
      "junk_kept_rate_median": 0.0,
      "junk_kept_rate_max": 0.0,
      "intent_preservation_mean": 1.0,
      "intent_preservation_rate": 1.0,
      "precision_mean": 1.0,
      "recall_mean": 0.275,
      "f1_mean": 0.43000000000000005
    },
    "calibration": {
      "expected_calibration_error": 0.16799999999999995
    }
  },
  "sdlc": {
    "pattern": {
      "total_runs": 30,
      "successful_runs": 30,
      "success_rate": 1.0,
      "retention_mean": 0.2,
      "retention_median": 0.0,
      "retention_std": 0.4000000000000001,
      "retention_min": 0.0,
      "retention_max": 1.0,
      "retention_p10": 0.0,
      "latency_mean": 17.534173326566815,
      "latency_median": 17.622449959162623,
      "latency_std": 2.588367741794711,
      "latency_min": 12.05579994712025,
      "latency_max": 25.044700014404953,
      "latency_p90": 19.93658996070735,
      "latency_p95": 21.34932996705174,
      "junk_kept_rate_mean": 0.0,
      "junk_kept_rate_median": 0.0,
      "junk_kept_rate_max": 0.0,
      "intent_preservation_mean": 1.0,
      "intent_preservation_rate": 1.0,
      "precision_mean": 1.0,
      "recall_mean": 0.5,
      "f1_mean": 0.6666666666666669
    },
    "entropy": {
      "total_runs": 30,
      "successful_runs": 30,
      "success_rate": 1.0,
      "reduction_mean": 0.8028723393754807,
      "reduction_median": 0.8096607245543416,
      "reduction_std": 0.014038743416364574,
      "reduction_min": 0.7814569536423841,
      "reduction_max": 0.8194444444444444,
      "reduction_p90": 0.8171557120500783,
      "retention_mean": 0.1,
      "retention_median": 0.0,
      "retention_std": 0.3,
      "retention_min": 0.0,
      "retention_max": 1.0,
      "retention_p10": 0.0,
      "latency_mean": 22.585800001009677,
      "latency_median": 22.431699966546148,
      "latency_std": 1.842307823015053,
      "latency_min": 19.47280002059415,
      "latency_max": 26.99749998282641,
      "latency_p90": 25.147660018410534,
      "latency_p95": 25.644915018347092,
      "confidence_mean": 0.17499999999999993,
      "confidence_median": 0.175,
      "confidence_std": 5.551115123125783e-17,
      "junk_kept_rate_mean": 0.0,
      "junk_kept_rate_median": 0.0,
      "junk_kept_rate_max": 0.0,
      "intent_preservation_mean": 1.0,
      "intent_preservation_rate": 1.0,
      "precision_mean": 1.0,
      "recall_mean": 0.25,
      "f1_mean": 0.40000000000000013
    },
    "calibration": {
      "expected_calibration_error": 0.07499999999999993
    }
  },
  "mixed": {
    "pattern": {
      "total_runs": 30,
      "successful_runs": 30,
      "success_rate": 1.0,
      "retention_mean": 0.0,
      "retention_median": 0.0,
      "retention_std": 0.0,
      "retention_min": 0.0,
      "retention_max": 0.0,
      "retention_p10": 0.0,
      "latency_mean": 16.1675800026084,
      "latency_median": 16.522000019904226,
      "latency_std": 2.186198247814614,
      "latency_min": 11.407200014218688,
      "latency_max": 20.70860000094399,
      "latency_p90": 18.882380018476397,
      "latency_p95": 19.642044970532876,
      "junk_kept_rate_mean": 0.0,
      "junk_kept_rate_median": 0.0,
      "junk_kept_rate_max": 0.0,
      "intent_preservation_mean": 1.0,
      "intent_preservation_rate": 1.0,
      "precision_mean": 1.0,
      "recall_mean": 0.5,
      "f1_mean": 0.6666666666666669
    },
    "entropy": {
      "total_runs": 30,
      "successful_runs": 30,
      "success_rate": 1.0,
      "reduction_mean": 0.8004099644591197,
      "reduction_median": 0.8027689949219124,
      "reduction_std": 0.010794172510853156,
      "reduction_min": 0.7857142857142857,
      "reduction_max": 0.8226950354609929,
      "reduction_p90": 0.8114665838380701,
      "retention_mean": 0.0,
      "retention_median": 0.0,
      "retention_std": 0.0,
      "retention_min": 0.0,
      "retention_max": 0.0,
      "retention_p10": 0.0,
      "latency_mean": 22.72603333500835,
      "latency_median": 22.962800023378804,
      "latency_std": 1.7912339053121988,
      "latency_min": 19.047899986617267,
      "latency_max": 26.55779995257035,
      "latency_p90": 25.0440199917648,
      "latency_p95": 26.045294996583834,
      "confidence_mean": 0.18374999999999997,
      "confidence_median": 0.175,
      "confidence_std": 0.026249999999999985,
      "junk_kept_rate_mean": 0.0,
      "junk_kept_rate_median": 0.0,
      "junk_kept_rate_max": 0.0,
      "intent_preservation_mean": 0.3,
      "intent_preservation_rate": 0.3,
      "precision_mean": 1.0,
      "recall_mean": 0.25,
      "f1_mean": 0.40000000000000013
    },
    "calibration": {
      "expected_calibration_error": 0.18374999999999997
    }
  },
  "dupes": {
    "pattern": {
      "total_runs": 30,
      "successful_runs": 30,
      "success_rate": 1.0,
      "retention_mean": 0.0,
      "retention_median": 0.0,
      "retention_std": 0.0,
      "retention_min": 0.0,
      "retention_max": 0.0,
      "retention_p10": 0.0,
      "latency_mean": 16.374883337023977,
      "latency_median": 16.416650032624602,
      "latency_std": 1.900290663924986,
      "latency_min": 11.982800031546503,
      "latency_max": 20.368700032122433,
      "latency_p90": 18.969189980998635,
      "latency_p95": 19.123224998475052,
      "junk_kept_rate_mean": 0.5,
      "junk_kept_rate_median": 0.5,
      "junk_kept_rate_max": 0.5,
      "intent_preservation_mean": 1.0,
      "intent_preservation_rate": 1.0,
      "precision_mean": 0.5,
      "recall_mean": 0.3333333333333334,
      "f1_mean": 0.40000000000000013
    },
    "entropy": {
      "total_runs": 30,
      "successful_runs": 30,
      "success_rate": 1.0,
      "reduction_mean": 0.8028967572296185,
      "reduction_median": 0.8037707906128959,
      "reduction_std": 0.009372404973218515,
      "reduction_min": 0.782312925170068,
      "reduction_max": 0.8161764705882353,
      "reduction_p90": 0.8144747899159663,
      "retention_mean": 0.0,
      "retention_median": 0.0,
      "retention_std": 0.0,
      "retention_min": 0.0,
      "retention_max": 0.0,
      "retention_p10": 0.0,
      "latency_mean": 22.26562332555962,
      "latency_median": 22.440799948526546,