{
  "insurance": {
    "pattern": {
      "total_runs": 30,
      "successful_runs": 30,
      "success_rate": 1.0,
      "reduction_mean": 0.5753516511222305,
      "reduction_median": 0.5935639648640773,
      "reduction_std": 0.04201853146766374,
      "reduction_min": 0.4883720930232558,
      "reduction_max": 0.6258064516129032,
      "reduction_p90": 0.6073174872665535,
      "retention_mean": 0.0,
      "retention_median": 0.0,
      "retention_std": 0.0,
      "retention_min": 0.0,
      "retention_max": 0.0,
      "retention_p10": 0.0,
      "latency_mean": 13.94284333412846,
      "latency_median": 14.230400003725663,
      "latency_std": 2.7351227015798814,
      "latency_min": 7.808600028511137,
      "latency_max": 20.724300004076213,
      "latency_p90": 16.776400030357763,
      "latency_p95": 17.263720015762374,
      "junk_kept_rate_mean": 0.0,
      "junk_kept_rate_median": 0.0,
      "junk_kept_rate_max": 0.0,
      "intent_preservation_mean": 1.0,
      "intent_preservation_rate": 1.0,
      "precision_mean": 1.0,
      "recall_mean": 0.55,
      "f1_mean": 0.706666666666667
    },
    "entropy": {
      "total_runs": 30,
      "successful_runs": 30,
      "success_rate": 1.0,
      "reduction_mean": 0.7854325946019325,
      "reduction_median": 0.7974602411569123,
      "reduction_std": 0.023871980837544948,
      "reduction_min": 0.7456647398843931,
      "reduction_max": 0.8076923076923077,
      "reduction_p90": 0.806575682382134,
      "retention_mean": 0.0,
      "retention_median": 0.0,
      "retention_std": 0.0,
      "retention_min": 0.0,
      "retention_max": 0.0,
      "retention_p10": 0.0,
      "latency_mean": 19.150729999334242,
      "latency_median": 18.750399991404265,
      "latency_std": 2.118198818748499,
      "latency_min": 15.621300030034035,
      "latency_max": 24.38150002853945,
      "latency_p90": 22.17253999551758,
      "latency_p95": 22.81699500454124,
      "confidence_mean": 0.16799999999999995,
      "confidence_median": 0.175,
      "confidence_std": 0.014,
      "junk_kept_rate_mean": 0.0,
      "junk_kept_rate_median": 0.0,
      "junk_kept_rate_max": 0.0,
      "intent_preservation_mean": 1.0,
      "intent_preservation_rate": 1.0,
      "precision_mean": 1.0,
      "recall_mean": 0.275,
      "f1_mean": 0.43000000000000005
    },
    "calibration": {
      "expected_calibration_error": 0.16799999999999995
    }
  },
  "sdlc": {
    "pattern": {
      "total_runs": 30,
      "successful_runs": 30,
      "success_rate": 1.0,
      "reduction_mean": 0.5939621720089174,
      "reduction_median": 0.5924361861861862,
      "reduction_std": 0.013284637160254837,
      "reduction_min": 0.5660377358490566,
      "reduction_max": 0.618705035971223,
      "reduction_p90": 0.6066073457023855,
      "retention_mean": 0.2,
      "retention_median": 0.0,
      "retention_std": 0.4000000000000001,
      "retention_min": 0.0,
      "retention_max": 1.0,
      "retention_p10": 0.0,
      "latency_mean": 14.232460000008965,
      "latency_median": 14.635900006396696,
      "latency_std": 1.6878913233176998,
      "latency_min": 11.5240000304766,
      "latency_max": 17.375800001900643,
      "latency_p90": 16.24709000461735,
      "latency_p95": 16.44145499158185,
      "junk_kept_rate_mean": 0.0,
      "junk_kept_rate_median": 0.0,
      "junk_kept_rate_max": 0.0,
      "intent_preservation_mean": 1.0,
      "intent_preservation_rate": 1.0,
      "precision_mean": 1.0,
      "recall_mean": 0.5,
      "f1_mean": 0.6666666666666669
    },
    "entropy": {
      "total_runs": 30,
      "successful_runs": 30,
      "success_rate": 1.0,
      "reduction_mean": 0.8028723393754807,
      "reduction_median": 0.8096607245543416,
      "reduction_std": 0.014038743416364574,
      "reduction_min": 0.7814569536423841,
      "reduction_max": 0.8194444444444444,
      "reduction_p90": 0.8171557120500783,
      "retention_mean": 0.1,
      "retention_median": 0.0,
      "retention_std": 0.3,
      "retention_min": 0.0,
      "retention_max": 1.0,
      "retention_p10": 0.0,
      "latency_mean": 17.532609996851534,
      "latency_median": 17.67430000472814,
      "latency_std": 1.0011579338552534,
      "latency_min": 15.068699955008924,
      "latency_max": 19.467600039206445,
      "latency_p90": 18.605189980007708,
      "latency_p95": 18.89042996626813,
      "confidence_mean": 0.17499999999999993,
      "confidence_median": 0.175,
      "confidence_std": 5.551115123125783e-17,
      "junk_kept_rate_mean": 0.0,
      "junk_kept_rate_median": 0.0,
      "junk_kept_rate_max": 0.0,
      "intent_preservation_mean": 1.0,
      "intent_preservation_rate": 1.0,
      "precision_mean": 1.0,
      "recall_mean": 0.25,
      "f1_mean": 0.40000000000000013
    },
    "calibration": {
      "expected_calibration_error": 0.07499999999999993
    }
  },
  "mixed": {
    "pattern": {
      "total_runs": 30,
      "successful_runs": 30,
      "success_rate": 1.0,
      "reduction_mean": 0.5881545694860044,
      "reduction_median": 0.5971424134182326,
      "reduction_std": 0.019840785521434014,
      "reduction_min": 0.5555555555555556,
      "reduction_max": 0.6131386861313868,
      "reduction_p90": 0.6077424400417102,
      "retention_mean": 0.0,
      "retention_median": 0.0,
      "retention_std": 0.0,
      "retention_min": 0.0,
      "retention_max": 0.0,
      "retention_p10": 0.0,
      "latency_mean": 13.312056666472927,
      "latency_median": 12.968199996976182,
      "latency_std": 2.333140706372054,
      "latency_min": 9.848900022916496,
      "latency_max": 18.113400030415505,
      "latency_p90": 16.756030032411218,
      "latency_p95": 17.47623998962808,
      "junk_kept_rate_mean": 0.0,
      "junk_kept_rate_median": 0.0,
      "junk_kept_rate_max": 0.0,
      "intent_preservation_mean": 1.0,
      "intent_preservation_rate": 1.0,
      "precision_mean": 1.0,
      "recall_mean": 0.5,
      "f1_mean": 0.6666666666666669
    },
    "entropy": {
      "total_runs": 30,
      "successful_runs": 30,
      "success_rate": 1.0,
      "reduction_mean": 0.8004099644591197,
      "reduction_median": 0.8027689949219124,
      "reduction_std": 0.010794172510853156,
      "reduction_min": 0.7857142857142857,
      "reduction_max": 0.8226950354609929,
      "reduction_p90": 0.8114665838380701,
      "retention_mean": 0.0,
      "retention_median": 0.0,
      "retention_std": 0.0,
      "retention_min": 0.0,
      "retention_max": 0.0,
      "retention_p10": 0.0,
      "latency_mean": 18.35640333010815,
      "latency_median": 18.138950021238998,
      "latency_std": 1.7477342516371333,
      "latency_min": 15.035800053738058,
      "latency_max": 21.72019996214658,
      "latency_p90": 21.13314002053812,
      "latency_p95": 21.50521998119075,
      "confidence_mean": 0.18374999999999997,
      "confidence_median": 0.175,
      "confidence_std": 0.026249999999999985,
      "junk_kept_rate_mean": 0.0,
      "junk_kept_rate_median": 0.0,
      "junk_kept_rate_max": 0.0,
      "intent_preservation_mean": 0.3,
      "intent_preservation_rate": 0.3,
      "precision_mean": 1.0,
      "recall_mean": 0.25,
      "f1_mean": 0.40000000000000013
    },
    "calibration": {
      "expected_calibration_error": 0.18374999999999997
    }
  },
  "dupes": {
    "pattern": {
      "total_runs": 30,
      "successful_runs": 30,
      "success_rate": 1.0,
      "reduction_mean": 0.6002859675410054,
      "reduction_median": 0.6,
      "reduction_std": 0.008664031274884404,
      "reduction_min": 0.5782312925170068,
      "reduction_max": 0.6099290780141844,
      "reduction_p90": 0.6091132085532982,
      "retention_mean": 0.0,
      "retention_median": 0.0,
      "retention_std": 0.0,
      "retention_min": 0.0,
      "retention_max": 0.0,
      "retention_p10": 0.0,
      "latency_mean": 14.394633326446638,
      "latency_median": 14.918350003426895,
      "latency_std": 2.1148311066625882,
      "latency_min": 10.223500023130327,